"","primer_set","RMSE","R_2"
"1","Midnight",7.15839115548893,0.737336658864061
"2","V4",3.69691783685413,0.929231791570722
"3","VarSkip",5.42284423646871,0.831991664266355
